{
  "vtex.menu@2.x:menu#category-menu": {
    "children": [
      "menu-item#category-electronics",
      "menu-item#category-major-appliances",
      "menu-item#category-small-appliances"
    ]
  },
  "menu-item#category-electronics": {
    "props": {
      "id": "menu-item-category-electronics",
      "type": "custom",
      "iconId": null,
      "highlight": false,
      "itemProps": {
        "categoryId": 153,
        "type": "internal",
        "href": "/electronics/",
        "noFollow": true,
        "tagTitle": "Electronics",
        "text": "Electronics"
      }
    }
  },

  "menu-item#category-major-appliances": {
    "props": {
      "id": "menu-item-category-major-appliances",
      "type": "custom",
      "iconId": null,
      "highlight": false,
      "itemProps": {
        "categoryId": "151",
        "type": "internal",
        "href": "/major-appliances/",
        "noFollow": true,
        "tagTitle": "Major Appliances",
        "text": "Major Appliances"
      }
    }
  },
  "menu-item#category-small-appliances": {
    "props": {
      "id": "menu-item-category-small-appliances",
      "type": "custom",
      "iconId": null,
      "highlight": false,
      "itemProps": {
        "categoryId": 152,
        "type": "internal",
        "href": "/small-appliances",
        "noFollow": true,
        "tagTitle": "Small appliances",
        "text": "Small appliances"
      }
    }
  },
  "menu-item#login": {
    "props": {
      "id": "menu-item-custom-login",
      "type": "custom",
      "iconId": null,
      "highlight": false,
      "itemProps": {
        "type": "internal",
        "href": "/account",
        "noFollow": true,
        "tagTitle": "My account",
        "text": "My account"
      }
    }
  }
}
